<?xml version="1.0" encoding="UTF-8"?>
<project-private xmlns="http://www.netbeans.org/ns/project-private/1">
    <editor-bookmarks xmlns="http://www.netbeans.org/ns/editor-bookmarks/2" lastBookmarkId="0"/>
    <open-files xmlns="http://www.netbeans.org/ns/projectui-open-files/2">
        <group>
            <file>file:/D:/WWW/sunupedu/runtime/default/site/index.php</file>
            <file>file:/D:/WWW/sunupedu/controllers/site.php</file>
            <file>file:/D:/WWW/sunupedu/views/default/javascript/site.js</file>
            <file>file:/D:/WWW/sunupedu/views/default/skin/default/css/index.css</file>
            <file>file:/D:/WWW/sunupedu/views/default/layouts/site.html</file>
        </group>
    </open-files>
</project-private>
