<?xml version="1.0" encoding="UTF-8"?>
<project-private xmlns="http://www.netbeans.org/ns/project-private/1">
    <editor-bookmarks xmlns="http://www.netbeans.org/ns/editor-bookmarks/2" lastBookmarkId="0"/>
    <open-files xmlns="http://www.netbeans.org/ns/projectui-open-files/2">
        <group>
            <file>file:/D:/wamp/www/new/views/default/simple/reg.html</file>
            <file>file:/D:/wamp/www/new/views/sysdefault/javascript/artTemplate/area_select.js</file>
            <file>file:/D:/wamp/www/new/controllers/site.php</file>
            <file>file:/D:/wamp/www/new/views/default/javascript/artTemplate/area_select.js</file>
            <file>file:/D:/wamp/www/new/controllers/simple.php</file>
            <file>file:/D:/wamp/www/new/views/default/layouts/site.html</file>
        </group>
    </open-files>
</project-private>
